,MisconceptionId,MisconceptionName,counts
5,5,"When measuring a reflex angle, gives the acute or obtuse angle that sums to 360 instead",0
7,7,Believes gradient = change in y,0
10,10,"Believes duration can be read from a timetable, rather than calculating from start and end times",0
12,12,Thinks that the side view does not include the furthest rows back,0
13,13,"Does not subtract from the hours, when having to borrow for a time calculation",0
17,17,Confuses AM and PM when calculating time,0
18,18,"Given the length of the sides, still does not recognise there is enough information to find the area",0
24,24,Does not understand the term multiple,0
25,25,Does not realise that when you multiply by 0 the answer will always be 0,0
30,30,"When asked for a number n times smaller or bigger, subtracts or adds n",0
40,40,Believes midpoint multiplied by frequency is equivalent to frequency density,0
41,41,Believes the mean is the number of categories given divided by something,0
43,43,Confuses the terms edges and vertices,0
46,46,Does not realise that division can be broken down into factors,0
50,50,"When given a non-unit fraction of an amount and asked to find the total, answers as if it had been the unit fraction",0
53,53,Thinks circumference is radius x pi,0
56,56,Assumes a negative number is not rational,0
59,59,Cannot identify a common factor when simplifying algebraic fractions,0
62,62,Does not realise that a curved line represents a changing gradient,0
63,63,Believes 'data' and 'sample' are interchangeable,0
65,65,Cannot spot a variable within a written scenario,0
67,67,Divides by 1000 instead of 100 when converting a decimal to a percentage,0
69,69,"When given a non-unit fraction of an amount, treats it like a unit fraction",0
72,72,Thinks a decimal can be written as a fraction by just writing it under a numerator of 1,0
73,73,Confuses a function with an expression,0
75,75,Believes that the directions of positive and negative vectors are the opposite way around.,0
79,79,Does not understand how to divide algebraic terms,0
80,80,Thinks you can ignore the variable when simplifying algebraic fractions,0
87,87,Does not know what an exterior angle is ,0
90,90,Does not understand place value after the decimal point,0
92,92,"When identifying the center of rotation, writes down the origin",0
93,93,"When multiplying a surd of the form a✓b by an integer, believes the integer and the number under the surd are multiplied",0
94,94,"When solving simultaneous equations, thinks they can add variables to one of the equations to make terms across the 2 equations identical",0
96,96,Multiplies surds when asked to add,0
104,104,Assumes a sequence is linear,0
112,112,Thinks the difference between the numerator and denominator determines how close the fraction is to 1,0
115,115,Believes fraction to decimal conversion is done by writing the numerator as a decimal,0
116,116,Believes an outlier is determined by the number of decimal places a number has,0
121,121,Believes midpoint in grouped frequency table is found by multiplying midpoint by frequency,0
122,122,Thinks they can convert percentages to fractions by writing the percentage value as both the numerator and the denominator,0
124,124,Believes perpendicular bisectors is the term used to describe two lines that are parallel,0
125,125,Thinks the division sign means to add,0
128,128,Does not understand how to read both x and y coordinates,0
129,129,Believes they can change only one side of a ratio and it will remain equivalent,0
135,135,Thinks the value of an exterior angle is 360 degrees,0
139,139,Thinks triple means add three,0
140,140,Believes cumulative frequency is plotted at the lower bound of the class,0
144,144,Mixes up the x and y values of the coordinates,0
145,145,Does not know how to convert percentages with a decimal point into decimals,0
147,147,Multiplies instead of dividing when distributing a total amount,0
148,148,Confuses theoretical and experimental probability,0
149,149,Believes P(success) in probability notation means the number of successes,0
150,150,Confuses written 'teen' numbers with their corresponding single-digit number,0
155,155,Forgets to apply inverse trigonometric function when finding an angle,0
156,156,Confuses the graph of a linear equation with a quadratic equation,0
157,157,Believes squared units can be used to measure lengths,0
160,160,Believes that adding a positive to a negative makes your answer more negative,0
163,163,Thinks only one variable can introduce bias,0
165,165,"Believes that in y=mx+c, m is the x-intercept",0
168,168,Believes composite function notation means to substitute the outer function into the inner function,0
170,170,Does not understand that when dividing both sides of an equation by an amount every term must be divided by the same amount,0
173,173,"Believes that if more than one number in a multiplication is divided by the same power of ten, the answer will be divided by the same power of ten. ",0
174,174,Confuses major and minor sector,0
175,175,"Thinks that when multiplying decimals (less than 1), the number will get bigger",0
177,177,"When the change in value is greater than the original amount, thinks percentage change = original/change x 100",0
178,178,Thinks that the 10 becomes a 20 when adding in standard form ,0
180,180,Writes the digit 3 times instead of cubing,0
184,184,Believes the space diagonal is the same length as the diagonal on the bottom face of a cuboid,0
188,188,Believes interquartile range is the difference between one of the quartiles and the minimum value,0
192,192,Does not know how to calculate the volume of a prism,0
193,193,Believes a cyclic quadrilateral can be self-intersecting,0
198,198,"When multiplying a decimal by a power of 10, just adds a zero to the end of the number, not changing the place value of the digits",0
199,199,"Believes that when multiplying a number with a power, the multiplier is added onto the power",0
200,200,"When solving simultaneous equations, thinks they multiply both equations by the LCM of the coefficients of the term being eliminated",0
203,203,Thinks that dividing both numbers in a multiplication sum by the same power of 10 results in equal answers,0
204,204,Confuses scalene and equilateral triangles,0
206,206,Thinks a cylinder is a prism,0
208,208,Believes a composite function requires you to place the inner function next to the variable of the outer function instead of replacing it,0
209,209,"When multiplying a vector by a fraction, adds the numerator to the top number of the vector, and the denominator to the bottom number of the vector. ",0
214,214,Does not understand the 'less than' inequality notation,0
215,215,"When asked for a specific term in a sequence, just gives the position number",0
216,216,Believes the smallest number in a set of numbers is always their highest common factor,0
222,222,Does not know the meaning of absolute value,0
225,225,Confuses frequency of one class with cumulative frequency,0
231,231,Thinks we can't write an equivalent multiplication sum for a division sum by using a reciprocal,0
235,235,Thinks adjacent angles are equal,0
237,237,Believes a line of best fit can be drawn on a scatter graph with no relationship or correlation,0
238,238,"When finding the mean of the data in a stem and leaf diagram, thinks you find the mean of the stem numbers",0
240,240,"Misunderstands how to calculate the lower bound in a division, believes it is found by dividing both upper bounds",0
241,241,Thinks co-interior angles sum to 360 degrees,0
243,243,Identifies a common factor but not the highest common factor,0
246,246,Does not think a kilogram is a unit of mass,0
250,250,Believes a fraction cannot have a numerator of 0,0
254,254,Believes all triangle numbers are odd,0
257,257,Uses numerator as whole part of a fraction,0
258,258,"When finding a missing number in a factor tree, multiplies by the factor given rather than dividing.",0
259,259,"Thinks that when drawing the elevation, the bottom layer does not need to be included ",0
266,266,Identifies a letter as a common factor but doesn't identify a number as a common factor,0
269,269,"When finding the distance between 2 points, believes the distance is the coordinate of the furthest point from origin",0
274,274,Confuses angle of a sector with the radius,0
275,275,"When finding a point on a line, assumes the point is always the midpoint",0
276,276,Adds rather than multiplies when scaling up in direct proportion problems,0
277,277,Thinks pressure is force per unit volume,0
286,286,"when subtracting a fraction from an integer, just adds their absolute value and places a negative sign in front",0
288,288,Does not break down all factors in a factor tree to primes,0
291,291,Thinks a negative y value in a column vector means to move up rather than down,0
298,298,Confuses a constant with a variable,0
299,299,"When solving time problems, finds the difference in the hours and the difference in the minutes but then assumes the minutes will be added on to the number of hours",0
301,301,Thinks you can multiply by a decimal to find a multiple of a number,0
304,304,Believes knowing the perimeter of squares does not give you enough information to find the perimeter of combines shapes using those squares,0
310,310,"Guesses when something is ""twice as high/much"", rather than multiplying by 2",0
311,311,Believes gradient is the sum of y the coordinates divided by the sum of the x co-ordinates ,0
313,313,Believes edges of a 3D shape do not include edges of base,0
314,314,"When calculating the power of a negative number, thinks they can ignore the sign when multiplying and then put a negative sign back on at the end, regardless of the power ",0
316,316,Mixes up primary and secondary data types,0
319,319,"When factorising, thinks the smallest coefficient will be the numerical factor, regardless of whether it divides into all terms",0
320,320,"When factorising into double brackets, finds the two values which sum to give the constant rather than the coefficient of x",0
321,321,Believes class width multiplied by frequency gives frequency density,0
323,323,"When measuring a line segment with a ruler, assumes the line starts at 0",0
324,324,Believes the two variables have to add to the same value in inverse proportion,0
325,325,Does not check the labelling of the axes ,0
327,327,Mixes up total and part in ratio,0
330,330,"When working with inverse and direct proportion, forgets to apply the root or index to find k, but remembers when doing the second calculation",0
333,333,Not considered the y value when reading coordinates,0
335,335,Believes 30% is equivalent to 1/3,0
336,336,Does not understand that having values after the decimal point makes a number larger than a number with the same units but no decimal places,0
341,341,Believes the second term in a 2 term quadratic equation is always a coefficient and the variable,0
342,342,Uses the whole base rather than half the base when forming a right angled triangle from an isosceles triangle,0
343,343,Estimates the frequency shown on a pie chart rather than calculating,0
348,348,Writes times in the afternoon as if 10 is midday on a 24 hour clock,0
351,351,Thinks a chord does not have to start and end at the circumference of the circle.,0
354,354,Believes class width represents frequency in a histogram,0
356,356,Finds the sum of the missing angles but not the angle being asked,0
358,358,Believes digits of a number are read/written from right to left,0
359,359,Confuses random and stratified sampling methods,0
360,360,Gives frequency when asked for relative frequency,0
361,361,Believes that repeated prime factors are only counted once,0
365,365,Thinks that we cannot calculate the range if values are repeated,0
367,367,Does not know that co-interior angles must be in parallel lines,0
368,368,Thinks a kite has one pair of parallel sides,0
369,369,Forgets to add starting value when calculating new coordinates,0
371,371,"When dividing fractions, divides by the reciprocal, instead of multiplies",0
385,385,"Thinks the reciprocal of n, 1/n = 0.n",0
386,386,Believes that an exterior angle can have a value of 360 degrees,0
387,387,Thinks there are 100 seconds in a minute,0
390,390,Believes you find the mode by calculating the mean,0
394,394,Divides instead of multiplies when multiplying by a decimal,0
395,395,"Thinks there are 10,000kg in a tonne",0
399,399,Confuses place value when rounding to estimate,0
403,403,"When rationalising the denominator, confuses the numerator with the denominator",0
406,406,Believes class width multipled by frequency gives the area of the bar in a histogram,0
407,407,Does not equate y=-x with x=-y,0
410,410,Believes the size of an angle can be given as a word rather than a number,0
411,411,"When identifying the center of rotation, chooses a point with the wrong y-value",0
412,412,Assumes that an enlargement is always from the smaller object to the bigger one,0
413,413,"Believes that n/n = n, instead of 1",0
416,416,Believes the intersection of two complements can be found using the complement of the intersection,0
419,419,"When converting a fraction to a decimal, divides the denominator by the numerator",0
420,420,"When finding bearings, finds the back bearing to what the question is actually asking",0
425,425,Assumes the third column of a grouped frequency table is always cumulative frequency,0
428,428,"When a point is on an axis, gives both coordinates as the value it's at on the axis",0
429,429,"When multiplying a surd by an integer, believes the value under the surd can be swapped with the integer",0
430,430,"When finding bearings, finds the bearing going in the reverse direction to the one stated",0
431,431,Finds interior angle rather than given angle,0
432,432,Believes the equation of a straight line is y=-mx-c,0
434,434,"Believes only angles on parallel lines can be called ""corresponding""",0
435,435,Finds a scale factor but forgets to multiply the original value in proportion questions,0
437,437,Does not recognise that probabilities of all possible outcomes will sum to 1,0
440,440,Thinks n=0 for the first term in a sequence,0
442,442,Confuses cumulative frequency and frequency density,0
444,444,Confuses the value outside of a Venn diagram as the total number of entries in the diagram,0
448,448,Confuses adjacent and opposite sides,0
453,453,Believes qualitative data can be continuous,0
456,456,Believes you can divide the change by 100 to find the percentage change ,0
457,457,Does not know how to calculate volume,0
459,459,confuses circumference and area,0
462,462,Thinks that they can combine functions in a function machine before applying them to the input,0
465,465,Does not know the diagonals of a square bisect at right angles,0
472,472,Multiplies the value as if the original recipe was for 1 person,0
473,473,Underestimates the impact of the size of images in a misleading statistical diagram,0
475,475,Believes the total of a part whole model is always 1 (or equivalent) instead of the given total,0
476,476,Thinks Angle-Angle-Angle triangles are congruent,0
477,477,"Believes when multiplying fractions you cross multiply top left and bottom right for numerator, and the other diagonal for denominator",0
479,479,Thinks a divide and a negative sign next to each other makes a plus,0
480,480,Believes that angles that look like they are a right-angle are always 90 degrees,0
482,482,"When simplifying surds, does not understand that the simplified root is what is left after dividing out the largest square number",0
484,484,Mistakes cube root for cubing the number,0
485,485,Believes 1 is not a factor of a number,0
487,487,Believes a composite function multiplies the functions together,0
489,489,Believes speed = time/distance,0
490,490,"Believes that when constructing triangles, all sides should be measured from the same point",0
494,494,"When comparing data, only compares one category of data rather than comparing the totals",0
497,497,Used the digits of the decimal as the denominator,0
500,500,Finds the shaded section rather than the specified section,0
502,502,Believes multiplying a number by its square root gives the square root,0
504,504,"Given the mean and the amount of numbers, adds to find the total",0
505,505,Believes finding the product of two numbers gives their lowest common multiple,0
506,506,Believes that multiplying variables is the same as adding them together,0
513,513,Believes they need to multiply the numbers together in a worded HCF question ,0
514,514,Believes 0.5absin(c) requires only three sides (potentially confused with cosine rule),0
516,516,Thinks the inverse of multiplication is addition,0
517,517,Assumes triangles are isosceles if they look like they are isosceles,0
518,518,Thinks that to decrease by a percentage you multiply by 1+ the decimal equivalent to that percentage,0
522,522,Does not count from the centre of enlargement to find the image,0
523,523,Believes you cannot have a negative gradient when plotting a linear sequence,0
529,529,Believes cumulative frequency is the product rather than sum of frequencies,0
530,530,Confuses the formulas for the circumference of a full circle and the perimeter of a sector,0
534,534,Does not understand what an interior angle is,0
535,535,Believes a missing length on a cuboid can be found by doing volume divided by a different length,0
536,536,Ignores coefficients when forming an expression from a question,0
538,538,Does not perform calculations in the numerator of a fraction before division by the denominator,0
541,541,"When asked to find a missing number in a factor tree, finds any factor of the given number rather than the pair of the factor already given.",0
543,543,"Thinks that when drawing a plan view, you only include the top layer of the shape",0
546,546,"After multiplying to get a common denominator, simplifies back to the original fractions",0
548,548,Believes that a fractional index means you need to find the reciprocal,0
552,552,Thinks the units for speed should not contain a measure of time,0
555,555,Only counts visible edges,0
559,559,Thinks depth is marked on the cross section of a prism,0
560,560,Confuses class width and upper bound of the class,0
561,561,Misinterprets the order of division in worded problems,0
562,562,"When drawing a histogram, believes you plot cumulative frequency on the vertical axis",0
569,569,Believes the solutions to an equation have opposite signs from its x intercepts,0
571,571,Believes a smaller number of shaded parts represents a smaller fraction,0
574,574,Thinks there are 100mm in a km,0
575,575,Thinks that when you put an input into a function machine you apply the inverse operation rather than the operation given.,0
579,579,Thinks you cannot multiply by a decimal to get equivalent fractions,0
580,580,Does not understand use of the counters to represent algebra,0
582,582,Confuses the dependent and independent variables on the axes of a line graph,0
586,586,Mixes up square numbers and prime numbers,0
592,592,Thinks a fractional scale factor changes direction as well as size,0
593,593,Thinks multiplying by a variable is the same as raising to the power of that variable,0
595,595,Believes the adjacent side is where the opposite side is in a right angled triangle,0
596,596,Chosen the longest value rather than the greatest,0
597,597,Thinks that to decrease by a percentage you just multiply by the decimal equivalent to that percentage,0
598,598,"When subtracting a surd from an integer, just divides the integer by the number under the surd",0
605,605,Believes the sin graph relates to the tan function,0
607,607,Thinks the area of a sector is theta/360 x r x pi (forgetting the radius is squared),0
610,610,Does not recognise how to write a list of prime factors from a factor tree,0
612,612,"Believes that when a shape is enlarged, the area rather than the scale factor is squared",0
613,613,Thinks 0.3 = 1/3,0
615,615,Adds rather than subtracts when using Pythagoras to find a shorter side,0
622,622,Thinks the gradient of a line is found from 2 points by finding the length of that line between those points,0
627,627,Does not realise similar has a specific mathematical meaning,0
632,632,Confuses range and interquartile range,0
634,634,Does not know the term numerator,0
636,636,Mixes up constant and coefficient in a worded substitution problem,0
640,640,Does not find the angle being asked,0
645,645,Believes enlargement by scale factor -1 exchanges the x and y coordinates,0
647,647,Thinks co-interior angles sum to 90 degrees,0
660,660,Thinks that the perimeter on a square grid is the number of squares inside that are touching the perimeter of the shape,0
662,662,Believes that a number divided by itself equals the original number,0
665,665,Believes that the gradient of a horizontal line is undefined,0
667,667,Only considers elements in one set when asked to find the intersection of multiple sets,0
675,675,"When interpolating using a line of best fit, reads off the value for the closest point to the line rather than the value given by the line of best fit ",0
676,676,Does not recognise that an equation will stay balanced if all terms are multiplied/divided by the same amount,0
677,677,"When asked to subtract a fraction from a unit, removes the unit value from the numerator.",0
678,678,Believes you cannot find the mode from a pie chart,0
679,679,Gives a fraction when asked for a decimal,0
681,681,"When drawing a cumulative frequency diagram, thinks you plot cumulative frequency on the horizontal axis",0
682,682,Thinks millimetres and centimetres are the same,0
683,683,"When factorising, believes they can choose different factors for each term",0
689,689,"When multiplying algebraic terms written in the same base, adds the base variables and multiplies the powers.",0
692,692,Only uses two terms of a sequence to work out a term-to-term rule,0
693,693,Does not divide to get a unitary amount before scaling up,0
696,696,"In the middle of the total column or row of a two way table, adds the other totals (including overall total), rather than finding the difference",0
697,697,Arithmetic error when multiplying by 7,0
698,698,Believes each number on a clock face represents 1 minute,0
700,700,"When calculating missing side length from perimeter, gives the total missing length instead of dividing for one side.",0
701,701,Does not know the meaning of vertically opposite,0
703,703,"When adding or subtracting surds, just finds the largest square that goes into each number under the surd and adds or subtracts those rather than using the largest square to simplify the surd",0
705,705,"When describing the relationship shown on a scatter graphs, gets the effect on the dependent variable backwards",0
707,707,Believes that fractions with the same denominator are equal,0
714,714,Uses the other part instead of total frequency as denominator for relative frequency,0
716,716,Rounds a decimal instead of using a fraction in division,0
720,720,Believes that 'less than' includes the number ,0
721,721,Does not know what the symbol for equal lengths means,0
722,722,Thinks the fraction button finds the reciprocal,0
726,726,Believes they can reverse a percentage increase or decrease by dividing by the decimal multiplier of the original change,0
728,728,Confuses least and most,0
731,731,Believes that the third vertex of a triangle will share coordinates with both of the other vertices,0
738,738,Believes there are 100cl in a millilitre,0
740,740,"Does not recognise that for a shape to be reflected it will be ""flipped""",0
741,741,Includes too many possibilites when given an 'at least' question in probability,0
744,744,"When dividing a fraction by an integer, thinks they can just multiply instead",0
748,748,"When finding the negative power of a negative power, assumes they can ignore one of the negatives",0
749,749,"When asked to subtract a fraction from a unit, removes the unit value from the denominator",0
750,750,"When using the capture-recapture method, confuses the order of the calculation to find best estimate of population",0
752,752,Thinks that when dividing numbers in standard form you subtract the number and divide the power,0
753,753,Believes when you plot a linear sequence it doesn't give a straight line,0
755,755,Does not know which letters can be subtracted in Roman Numerals,0
761,761,Subtracts instead of adds when finding a midpoint,0
763,763,Believes 'inclusive' does not include the end value,0
768,768,Finds the circumference of the whole circle instead of arc length ,0
769,769,Confuses the direction of vectors when adding or subtracting,0
770,770,Believes class width represents area of the bar in a histogram,0
771,771,Believes that the solutions to x<b or x>b also satisfy ax<b or ax>b,0
774,774,"When subtracting mixed numbers, does not realise that a negative fractional answer needs to be taken away from their integer answer",0
775,775,"When adding variables with powers, thinks they can add the powers",0
776,776,Does not know how to compare size of angles on a grid without a protractor,0
777,777,"When describing the relationship between the parts in a ratio using a fraction, gets the numerator and denominator the opposite way around",0
778,778,Struggles to visualise the new position of an object after transformations,0
781,781,"When reading decimals on a number line, assumes each dash is 0.2",0
786,786,"Believes they write the digits next to each other instead of multiplying, when multiplying a vector by an integer.",0
787,787,Does not scale up a ratio to find an equivalent value,0
788,788,Believes all linear graphs show direct proportion,0
798,798,Believes all numbers in a prime factor tree are included in the list of prime factors,0
799,799,Only considers elements in one set when asked to find the union of multiple sets,0
802,802,"Thinks that when drawing the elevation, the top layer does not need to be included ",0
803,803,Believes an axis is scaled correctly if the marked values increase in a linear pattern (ignores the distance from the origin to the first value) ,0
805,805,Believes a rotation and a reflection can be combined by applying the rotation to the mirror line,0
810,810,Believes the number outside the circles in a Venn represents the intersection,0
817,817,Believes adding numbers together gives the highest common factor,0
818,818,Believes the median is the category with the median frequency,0
819,819,"When drawing a cumulative frequency diagram, thinks you plot the upper bound of the class intervals on the vertical axis",0
822,822,"When rounding, believes that if the number, after the required degree of accuracy, is a 5 or below you round down",0
824,824,"Believes rounding to 1 decimal pleace means rounding to the nearest integer, regardless of the value of the number",0
825,825,"thinks when writing a mixed number fraction as an improper fraction, you need to multiply the denominator by the whole ",0
826,826,Confuses intersection and universal set,0
827,827,Believes when frequencies multiply by a scale factor in a table the mode also multiplies by that scale factor,0
830,830,Gives an example of a factor instead of counting how many total factors a number has,0
831,831,Thinks subtraction calculates how many in ,0
837,837,Believes that rounding parts of a fraction in different directions means the answer will be the same. ,0
841,841,Does not subtract 2 from the number of sides when finding the sum of interior angles,0
844,844,Thinks there are 100mm in a metre,0
846,846,Thinks there are 1000ml in a centilitre,0
849,849,Thinks the nth term is when the value of the term is n,0
850,850,Thinks there are 10mm in a metre,0
853,853,Does not know how to check tessellation,0
854,854,Divided by 100 rather than multiplied by 100,0
855,855,Believes integers can have decimal places,0
856,856,"When asked to shade a fraction of a shape, gives the total number of parts rather than the number to be shaded.",0
857,857,"When the unknown (e.g. x) in an equation is a denominator, gives the value of 1/x rather than x as the answer",0
859,859,Believes they can factorise a difference of two squares by placing the constant in both brackets without square rooting,0
861,861,Reads a power as a normal digit,0
862,862,Does not understand equivalent ratios,0
865,865,Does not recognise a unit of mass,0
869,869,Believes multiplying together prime factors that are not shared gives the highest common factor,0
873,873,Believes that we cannot calculate the mean of negative numbers,0
881,881,adds all given dimensions when calculating area,0
883,883,"Believes mirror line must lie on a grid line, not in between grid lines",0
884,884,"When asked for more, find the total",0
885,885,Thinks they can simplify algebraic fractions by cancelling unlike variables,0
886,886,Believes that prime numbers cannot be even,0
887,887,"When using interpolation to estimate frequency, assumes half the frequency of the class containing the value will be above/below it, even if it is not the midpoint",0
889,889,"Believes when you plot a sequence, the line always passes through (0, 0)",0
892,892,Believes each vertical line on a box plot represents 1 piece of data,0
896,896,"When adding fractions with identical numerators, leaves the numerator and adds the denominators",0
897,897,Does not recognise an example of the alternate segment theorem,0
899,899,Does not recognise parallel lines angle rules,0
903,903,"Has increased by the value of the first value, rather than the difference",0
908,908,"When adding or subtracting surds, believes the numbers under the root and the numbers in front should both be added or subtracted",0
913,913,Believes the numerator stays the same when calculating a second pick of the same type without replacement on a tree diagram,0
916,916,Thinks the fraction bar means multiply rather than divide,0
917,917,Believes every direct or inverse proportion question uses the formula p=kq,0
918,918,Confuses x and y axes,0
919,919,Believes the gradient of a speed-time graph is the distance,0
920,920,Believes that the cumulative frequency of an interval of grouped data can be used as the cumulative frequency for any value in that interval,0
921,921,Reads the wrong scale on the protractor when measuring acute angles,0
928,928,Divides when converting to a larger unit,0
929,929,"When using the capture-recapture method of sampling, believes you add the number marked first to the number caught second and add that to the number marked second to get the best estimate of population size",0
934,934,Thinks the subtraction sign means divide,0
938,938,"Thinks 1 square metre = 100,000 cubic centimetres",0
939,939,Describes position to term rule using term to term rule,0
943,943,Divides by (n-2) rather than n when finding an interior angle,0
945,945,Does not think a number can be a multiple of itself,0
949,949,Confuses midpoint and gradient between two points,0
953,953,Believes you cannot find the modal category from a pie chart unless given the total frequency,0
956,956,Thinks that fractions involving a fraction as the denominator can just be read as mixed numbers,0
957,957,Believes the mean must be an integer,0
958,958,Misunderstands how to calculate the upper bound in subtraction,0
963,963,Thinks there are 50 minutes in 1 hour,0
966,966,Gives an answer of 0 when there are no solutions to an equation.,0
967,967,"When solving simultaneous equations graphically, only gives one of two solutions",0
970,970,"In inverse proportion, believes k is the total of the two variables ",0
973,973,Finds area of whole circle rather than area of sector,0
979,979,Thinks can combine the numerator and denominator after simplifying an algebraic fraction,0
985,985,Believes that repeated percentage change is equivalent to a single change by the sum of the percentages,0
992,992,"Thinks they find the length of a line between 2 points by adding coordinates, rather than subtracting",0
993,993,Believes the length of the arms influence the size of the angle,0
995,995,Believes the lowest common multiple is found my multiplying the numbers together,0
998,998,"When the final stage of solving a problem is ""variable to a power"" = constant, assume the constant is the answer, without finding the root.",0
999,999,Confuses the method of selection with the group selected in statistics,0
1000,1000,Draws false conclusion from a pie chart,0
1001,1001,Does not know how to divide a fraction by an integer,0
1002,1002,Thinks the elevation is the plan view of a shape,0
1003,1003,"Believes the equation of a vertical line is in the form y = ax, where a is the x intercept",0
1005,1005,"Carries out operations from left to right regardless of priority order, unless brackets are used",0
1006,1006,Believes the mean is something divided by the number of categories given,0
1010,1010,Believes the largest number in a set of numbers is always their highest common factor,0
1011,1011,Does not know the distributive property,0
1014,1014,Believes the frequency of the midpoint of a group is half the total frequency of the group,0
1015,1015,"When answering questions regarding adding items to get a new ratio, looks at the difference between the numbers in the original and new ratio rather than finding the size of a part",0
1019,1019,Believes class width = frequency density,0
1020,1020,Believes it's not possible to solve simultaneous equations graphically,0
1021,1021,Believes an outlier is not determined by distance from the mean,0
1023,1023,Believes that the complement of a set in a triple Venn consists of the elements that only belong to one other set,0
1027,1027,Believes the median is the frequency for the middle category in a table,0
1034,1034,believes the complement of a set consists of elements which only belong to one set,0
1037,1037,Believes time = speed x distance,0
1038,1038,Thinks reciprocal button raises to a power,0
1039,1039,Believes finding a percentage of an amount involves adding the percentage to 10% of the amount,0
1042,1042,"When dividing a number written in standard form by an integer, thinks you divide the power on the ten rather than the number component.",0
1045,1045,"Believes reading from a cumulative frequency diagram will give the frequency above a certain value, rather than below",0
1052,1052,Uses length scale factor for volume without cubing,0
1053,1053,"Believes that when converting ratio to fractions, the denominator is the product of the parts of the ratio",0
1056,1056,Chooses an incorrect point in between the shapes when describing a 90 or 270 degree rotation,0
1059,1059,Does not know the definition of the range,0
1060,1060,Thinks positive values in a column vector denote movement left and down (and vice-versa for negative values).,0
1061,1061,When asked to rotate by 90 degrees rotates by 180 degrees,0
1062,1062,"When using the capture-recapture method of sampling, believes you divide the number caught second by the number marked second to find the best estimate of population size",0
1064,1064,Confuses the union and intersection of inequalities,0
1065,1065,Does not recognise a unit of area in word form,0
1067,1067,Confuses measures of turn (ie. degrees) and measures of length,0
1076,1076,Cancels digits when dividing,0
1077,1077,Believes all multiples of odd numbers are odd,0
1080,1080,Believes there are 20 minutes in an hour,0
1081,1081,"When subtracting fractions, divides the numerators",0
1084,1084,Has removed brackets but not performed the operation,0
1085,1085,Multiplied the powers rather than added them,0
1086,1086,Thinks the perimeter of a sector is the same as arc length ,0
1087,1087,Thinks the interior angles of a polygon add up to 100n,0
1088,1088,Believes you add the denominators when finding a fraction of another fraction,0
1090,1090,Doesn't recognise commutativity of addition with negative numbers,0
1092,1092,Cannot spot a coefficient within a written scenario,0
1094,1094,Believes when frequencies multiply by a scale factor in a table the mean also multiplies by that scale factor,0
1095,1095,Believes that vectors of different magnitudes can be equal.,0
1096,1096,Thinks there are 10cl in a millilitre,0
1097,1097,Is not able to identify a situation where Pythagoras' Theorem is needed,0
1101,1101,Believes stratified samples should be evenly split,0
1105,1105,Rounds every number to the same degree instead of rounding to significant figures when estimating ,0
1106,1106,Divides 360 degrees by sum of sides rather than given amount of angles,0
1109,1109,"On a cumulative frequency diagram, believes the total frequency is the top of the frequency axis rather than the top of the curve",0
1111,1111,Does not understand the term 'linear',0
1112,1112,"When using Pythagoras' theorem to find a missing side, thinks you multiply the sides together then square root",0
1117,1117,"When finding a missing length on similar shapes, just find the scale factor",0
1121,1121,Believes biased selection methods can be random,0
1122,1122,"When enlarging a shape, thinks the scale factor divides the movement from the centre of enlargement to a vertex rather than multiplies",0
1125,1125,Multiplies rather than adds when answering worded problems,0
1127,1127,Believes the variable should remain in place after substituting its value,0
1129,1129,"When finding a missing part in a ratio, divides rather than multiplies",0
1131,1131,"When adding fractions, multiplies the numerators",0
1136,1136,"Believes that a general trend of an increase or decrease over time, on a statistical diagram, means that the slope must be in the same direction for the whole time period",0
1137,1137,"When squaring a variable with a power, thinks that the power is squared rather than doubled. ",0
1141,1141,Believes all grouped frequency table need a midpoint column,0
1143,1143,Mixes up the terms for the parts of a fraction,0
1147,1147,"When solving a 'more than' problem, believes the first step is to halve the total rather than setting up an equation to help solve",0
1149,1149,Believes perpendicular is the term used to describe two lines that are parallel,0
1154,1154,Believes midpoints are plotted on histograms,0
1159,1159,"When comparing non like surds, does not square the surds",0
1160,1160,Thinks you can find missing values in a given table by treating the row as a sequence of consecutive numbers,0
1161,1161,Thinks 1 square metre = 10 square centimetres,0
1162,1162,Mixes up the inequality signs in an error interval,0
1170,1170,Confuses the order of the digits in stick multiplication,0
1171,1171,"When solving a problem using written division (bus-stop method), puts the dividend in the wrong place",0
1174,1174,Believes the mean from grouped data is the sum of the midpoints divided by something,0
1178,1178,Does not count both edges when turning a corner when counting perimeter,0
1182,1182,"Believes only the decimal places with dots above them recur, not the whole string",0
1185,1185,"When rationalising the denominator, believes only the numerator or the denominator needs to be multiplied by the surd",0
1189,1189,Does not understand that adding on to a multiple can give you the next multiple,0
1191,1191,Believes that the sign changes when factorising an expression into single brackets,0
1194,1194,Forgets to halve when finding the missing base angles of an isosceles,0
1195,1195,Gives the change in value when asked for the percentage change,0
1197,1197,Confuses frequency and frequency density,0
1199,1199,Thinks that co-interior angles can lie on opposite sides of a transversal ,0
1200,1200,Finds the IQR rather than the range,0
1201,1201,Finds the arc length instead of the area of the sector ,0
1211,1211,Believes number of squares in a bar gives frequency on a histogram,0
1217,1217,Assumes the perpendicular height of a triangle bisects the base,0
1219,1219,Gives the value for the wrong variable when answering a simultaneous equation question,0
1220,1220,Does not include zero when counting over zero,0
1221,1221,Converts a decimal to a fraction by writing 1 over the digits of the decimal,0
1227,1227,Forgets that a number without an indice is to the power of 1 ,0
1228,1228,Believes sets are the same if the elements within them have a shared property,0
1232,1232,"Thinks the longest bar has the highest frequency on a pictogram, even if the symbols aren't evenly spaced",0
1236,1236,Thinks the plan view is taken from an angle to include aspects of the side view and plan,0
1238,1238,Does not realise the lines at an intersection have to be straight in order to show vertically opposite angles,0
1239,1239,Believes a cubic equation will have a quadratic graph,0
1241,1241,Subtracts instead of divides when division is written as a fraction,0
1242,1242,Does not recognise the similar shape as the shape has been rotated and the scale factor is less than 1,0
1243,1243,Believes when given a fraction and an amount the question must be to find the fraction of the amount. ,0
1245,1245,Believes a number written in standard form with a negative power creates a larger number than that with a positive power,0
1246,1246,"When adding fractions, uses addition of the denominators as a common denominator",0
1247,1247,Assumes you cannot use the fact that multiplication is commutative when simplifying an algebraic term. ,0
1249,1249,"Believes 'given that a, what is the probability of b?' means 'given that b, what is the probability of a?'",0
1253,1253,"Thinks 1 cubic metre = 100,000 cubic centimetres",0
1254,1254,"Believes that if there are two unknowns in an equation, all integers must be possible solutions",0
1267,1267,Identifies a number as a common factor but doesn't identify a letter as a common factor,0
1273,1273,Thinks they start on the left when doing long multiplication ,0
1275,1275,Does not relate integers and fractions,0
1276,1276,"Believes that the y intercept is (0, y) where y is any y coordinate on the line",0
1279,1279,Confuses right angle triangles and equilateral triangles,0
1281,1281,Does not understand that similar shapes and enlarged shapes will have the same size angles as the original,0
1284,1284,Thinks only like terms can be multiplied,0
1285,1285,Believes a vertical line has equation y=,0
1286,1286,believes the complement of a set consists of anything that is not just in that set,0
1289,1289,Does not understand that the area of an enlarged shape is the area of the original multiplied by the square of the scale factor of the lengths.,0
1296,1296,Believes there are 90 degrees in a full turn,0
1297,1297,Believes you keep the divisor unchanged when dividing by a fraction,0
1298,1298,Thinks multiple letters can be subtracted at once in Roman numerals,0
1299,1299,Ignores the zero when multiplying,0
1300,1300,"In direct and inverse proportion, forgets to find the value of k, and carries out calculations as though k were 1",0
1301,1301,"When subtracting a surd from an integer, just subtracts the number under the surd from the integer",0
1305,1305,believes that a fraction with the largest denominator will be smallest regardless of the numerator,0
1309,1309,Believes the numerator is the top of a fraction ,0
1314,1314,Only uses the closest angle to the unknown when using the angles in a straight line relationship,0
1315,1315,Rounds to the wrong degree of accuracy (nearest ten rather than nearest whole number),0
1317,1317,Identifies wrong place value column after decimal point,0
1323,1323,"When multiplying surds in the form ✓a × b✓c, believes the answer is  ✓(abc)",0
1325,1325,Has found area of triangle rather than area of square,0
1328,1328,"When reading off from the left side of a back to back stem and leaf, mixes up the value of the leaf and the stem",0
1330,1330,Believes they can still have the variable on both sides when making it the subject,0
1331,1331,Believes angles in a quadrilateral sum to 450 degrees,0
1335,1335,Believes volume of a cuboid is the area of the three unique faces multiplied together,0
1337,1337,Does not understand the phrase to the power of,0
1339,1339,Calculated the hours and minutes separately,0
1341,1341,Multiplies instead of divides by 100 when converting a percentage to a decimal,0
1342,1342,"When adding decimals, does not keep place value the same as the original digits",0
1343,1343,"When substituting into an algebraic term, replaces variables with numbers without multiplying.",0
1345,1345,Inserts brackets but not changed order of operation,0
1346,1346,Mixes up squaring with repeating a digit,0
1347,1347,Believes a circle achieves what a perpendicular bisector does,0
1351,1351,Does not know the meaning of congruent,0
1352,1352,Believes cumulative frequency is plotted at the midpoint of the class,0
1353,1353,Believes two odd numbers multiply to give an even number,0
1355,1355,Removes a zero from within the digits when rounding,0
1359,1359,Does not know how to round up when a decimal place value column contains a 9,0
1366,1366,Subtracts instead of multiplies when using grid method,0
1368,1368,Confuses parallel and transversal,0
1369,1369,Halves the radius to find the diameter,0
1372,1372,Ordered from largest to smallest,0
1375,1375,Confuses the radius and theta when working with sectors ,0
1377,1377,Square roots when asked for second multiple,0
1378,1378,"When solving a problem using written division (bus-stop method), carries the wrong digit",0
1381,1381,Believes the gradient is where the line intersects the y axis,0
1382,1382,"When given two similar objects and asked to find the length scale factor, believes the length scale factor is the area scale factor",0
1385,1385,Struggles to draw 3D shapes on isometric paper,0
1390,1390,Believes having the gradient and y-intercept is not enough information to write an equation for a straight line,0
1391,1391,Does not know how to find the y intercept when given two other sets of coordinates that lie on a straight line,0
1395,1395,"When calculating volume expressed in cubes, counts the visible cubes only",0
1397,1397,Believes point will move diagonally when reflecting in a horizontal or vertical line,0
1401,1401,Believes the sin graph relates to the cos function,0
1404,1404,"Believes that when multiplying an integer by a decimal greater than 1, you multiply by the integer component of the decimal but add on the decimal component multiplied by 10.",0
1405,1405,Cannot accurately estimate capacity,0
1407,1407,Confuses histograms with bar charts,0
1409,1409,Confuses 'and' with 'or' in probability,0
1412,1412,Believes y=f(-x) is a reflection in y=x,0
1413,1413,Assumes the negative sign in a power has no meaning,0
1414,1414,Believes instant change of velocity is possible. ,0
1423,1423,Struggles to estimate 3D volume,0
1434,1434,Believes any adjacent angles sum to 180 degrees,0
1438,1438,Believes division of surds always results in an integer,0
1439,1439,"When solving simultaneous equations, assumes every variable has equal value.",0
1441,1441,"Thinks decimal place value works the same as integer place value, ones will follow tenths",0
1446,1446,"When calculating perimeter, only adds two sides",0
1448,1448,Believes the solutions of a quadratic equation are the negative of the absolute values of the constants in the factorised form,0
1451,1451,Assumes that the square root is the only type of root,0
1454,1454,Believes they can eliminate a variable without making the coefficients the same in simultaneous equations,0
1462,1462,Believes height represents frequency on a histogram,0
1463,1463,"When adding fractions, adds the numerators and multiplies the denominators",0
1465,1465,Uses outcome as numerator in probability ,0
1466,1466,Thinks there are 100kg in a ton,0
1472,1472,"Believes that they can reverse a percentage decrease by dividing by the decimal multiplier of the percentage itself, not the multiplier for the percentage decrease.",0
1474,1474,Forgets to add on the starting value when identifying a position on a number line,0
1475,1475,Believes y=f(-x) is reflection in the x-axis,0
1476,1476,Thinks 1 square metre = 1000 square centimetres,0
1477,1477,"When using a scale factor greater than 1, thinks you multiply by the scale factor to go from the larger to the smaller shape.",0
1478,1478,"When expressing one quantity (x) as a fraction of another (y), believes the answer is 1/x.",0
1482,1482,Believes you only need to multiply the integer by the integer in a integer x decimal calculation,0
1485,1485,"When given an error interval for a decimal that ends in a zero, thinks you give the error interval as if the zero was not present (e.g. 1dp rather than 2dp)",0
1486,1486,"When using the capture-recapture method for sampling, believes you subtract the number marked second from the number caught second to find the best estimate of population size",0
1489,1489,"Believes an outlier is the smallest value in a data set, even if this value is close to the mean",0
1493,1493,Thinks the positive and negative terms in a sequence will have the same absolute values,0
1496,1496,Ignores grouping within a fraction and carries out the division first,0
1497,1497,Thinks the plan view is taken from an angle to include aspects of the side view,0
1498,1498,"Does not understand that a scale factor of enlargement greater than -1, will create a larger image on the other side of the centre of enlargement from the original",0
1501,1501,Multiplied the base numbers,0
1502,1502,"When calculating the group width of a group from a grouped frequency table, believes this is found by midpoint multiplied by frequency",0
1503,1503,"When drawing a histogram, thinks you plot group midpoint on the horizontal axis",0
1504,1504,"When multiplying surds, adds the numbers under the roots",0
1506,1506,Believes transforming some terms in simultaneous equations is sufficient,0
1512,1512,"When sketching graphs of factorised quadratics, does not see that the negative of the non variable terms in the brackets give the x intercepts or the roots of the graph.",0
1515,1515,"When asked to take off a fraction of an amount, subtracts the fraction itself",0
1518,1518,Mixes up smallest and largest when ordering decimals,0
1521,1521,"Thinks that scale factors, other than one, can leave the dimensions of shapes unchanged",0
1531,1531,Believes you plot frequency rather than cumulative frequency on a cumulative frequency diagram,0
1538,1538,Does not take into account the whole amount when using a bar model to find a fraction,0
1544,1544,Thinks a variable next to a number means write the digits together,0
1545,1545,Believes you find the surface area of a prism by finding the total area of the unique faces,0
1546,1546,Believes the horizontal axis on a cumulative frequency diagram is labelled upper bound,0
1548,1548,Thinks that a unit fraction can be simplified further,0
1551,1551,Does the reciprocal of both fractions when dividing fractions,0
1555,1555,Believes that we cannot calculate the median of a dataset that contains negative numbers,0
1562,1562,"When substituting into an algebraic term, believes they can disregard the coefficient",0
1563,1563,Thinks the order of events does not matter in a question about combined probability with no replacement,0
1564,1564,Does not recognise time as a variable from a worded scenario,0
1565,1565,Miscounts the area of a shape when there are half squares,0
1567,1567,Does not recognise suitable statistical diagrams for comparing results over time,0
1569,1569,Uses term-to-term rule as numerical part of nth term rule,0
1570,1570,Does not understand the 3-letter convention for labelling angles,0
1573,1573,When scaling the perimeter multiplies the number of sides by the scale factor,0
1574,1574,Struggles to visualise 2D triangles in a cuboid,0
1575,1575,Includes too many possibilities when calculating a combined event in probability,0
1576,1576,Divides rather than multiplies in a related calculation questions,0
1578,1578,"When dividing a fraction by an integer, subtracts the integer from the denominator",0
1579,1579,Does not realise that in standard form the decimal we use must be between 1 and 10,0
1580,1580,"When drawing a cumulative frequency diagram, thinks you plot the frequency on the horizontal axis",0
1581,1581,Thinks that two side views are interchangeable,0
1583,1583,Does not recognise the origin as the starting point for coordinates,0
1584,1584,Believes if a point is reflected in the line y=b then the y coordinate of the point will become 'b',0
1587,1587,when reading a dash on a number line counts 1 dash too few when working out the divisions,0
1589,1589,Thinks the division sign means to subtract,0
1592,1592,Thinks the number of items give the number of different possible arrangements rather than using the product rule for counting,0
1594,1594,Believes the proportion for a pie chart sector is equal to the frequency,0
1603,1603,Confuses displacement-time graphs with velocity-time graphs,0
1607,1607,Believes the gradient of perpendicular lines just have opposite signs,0
1612,1612,Confuses the shaded and unshaded regions on an inequality diagram,0
1615,1615,Does not know the symbol for proportionality ,0
1617,1617,Believes a reciprocal equation will have a linear graph,0
1620,1620,Believes zero cannot be raised to a power,0
1625,1625,Uses difference as index instead of coefficient in nth term rule,0
1627,1627,Believes ratios can be combined without equalizing common terms,0
1629,1629,writes the remainder as the divisor divided by 10,0
1634,1634,"When performing mental multiplication, multiplies accurately by a multiple of 10 but then does not know how to adjust their answer ",0
1638,1638,Counts repeated factors as two separate factors,0
1643,1643,"Believes that when increasing by a percentage over 100, they do not need to add an extra 1 to the decimal multiplier for the original amount",0
1647,1647,Believes that numbers are read aloud digit by digit ,0
1649,1649,Believes that all recurring decimals can be converted to a fraction by writing the digits of the decimal over 9,0
1650,1650,Only includes full hours when measuring time in minutes,0
1653,1653,Misunderstands how to adjust proportions for different sample sizes in stratified sampling,0
1654,1654,Believes y=f(-x) is a reflection in y=-x,0
1662,1662,Does not know the y intercept is where the x coordinate is 0,0
1665,1665,Believes when frequencies multiply by a scale factor in a table the median also multiplies by that scale factor,0
1679,1679,Uses addition instead of the associative property of multiplication,0
1681,1681,Assumes grouped data is evenly distributed within each group,0
1683,1683,Thinks the length of the hypotenuse is the sum of the two shorter sides,0
1684,1684,"When finding the difference between two marks on a scale, counts lines instead of gaps",0
1685,1685,Confuses angle of a sector with the diameter,0
1688,1688,Believes a line showing a constant rate of increase corresponds to a non-prism shape,0
1689,1689,Believes the largest number in a set of numbers is always their lowest common multiple,0
1692,1692,Mixes up total and part when forming expressions from worded problems,0
1698,1698,Uses the whole base rather than half the base when forming a right angled triangle from an equilateral triangle,0
1699,1699,Thinks there are 60 degrees in a full turn,0
1700,1700,Believes you need to know the value of all algebraic variables before any general conclusions can be made,0
1709,1709,Believes a factor pair doesn't have to be 2 integers,0
1711,1711,Is not familiar with the names of the different parts of a fraction,0
1712,1712,"Includes all faces when finding surface area of a compound shape, including those which are stuck together",0
1713,1713,Believes inverse function notation means multiplying by negative 1,0
1719,1719,Believes a rhombus has one pair of equal sides,0
1722,1722,Believes a subtraction cannot be partitioned into separate subtractions,0
1723,1723,Assumes all journeys of the same distance take the same amount of time,0
1727,1727,Rounds the wrong way when interpreting a real-life context,0
1728,1728,"When solving a pair of simultaneous equations, thinks they need to make the coefficients of both variables the same",0
1729,1729,"When solving simultaneous equations, finds the correct numbers to transform the equations, but uses them the wrong way around.",0
1732,1732,Thinks a factor tree splits a number into a pair of numbers that sum to the given number.,0
1736,1736,Believes clock times can be written with a decimal point rather than a colon,0
1739,1739,Does not understand changing decimals to fractions,0
1742,1742,Adds or subtracts the degree of accuracy from the original number,0
1745,1745,Believes a quadratic graph can be a straight line,0
1747,1747,"When using the capture-recapture method of sampling, believes you multiply the number caught second by the number marked second to get the best estimate of population size",0
1750,1750,"Adds ""100"" to end of written value rather than multiplying by 100",0
1753,1753,Believes a direct proportion graph can have a negative gradient,0
1754,1754,Thinks two-tailed inequalities can have a constant in the middle,0
1758,1758,Can not recognise all factor pairs of numbers,0
1762,1762,"Thinks that when drawing the plan view, the top layer of the shape needs to be drawn in the row above ",0
1765,1765,"Does not understand how to answer generalised statements (eg. by testing values to check for always, sometimes, never)",0
1768,1768,Believes the y-intercept of a line is the solution to its equation,0
1770,1770,Believes the proportion for a pie chart sector is 1 divided by the number of degrees,0
1772,1772,Believes a reciprocal graph comes from a cubic equation,0
1774,1774,"When multiplying a surd by an integer to write as one surd, squares the number under the surd rather than the number in front",0
1777,1777,Confuses the graph of 1/x with 1/x² when both are shown,0
1778,1778,Believes you subtract the number marked second from the estimated population to find the number marked first when using the capture-recapture method,0
1780,1780,Thinks all dimensions given must be used when calculating the area,0
1785,1785,Added the base numbers,0
1789,1789,Thinks the elevation is taken from an angle to include aspects of the other side,0
1797,1797,Assumes the range of a set of data starts at zero,0
1798,1798,Believes 1 is a prime number,0
1799,1799,"When converting fraction to ratio, thinks you just use the numerator and denominator as the numbers in the ratio ",0
1801,1801,Believes they always divide by the conversion factor when converting units,0
1802,1802,Adds instead of subtracts when finding the area of part of a shape,0
1804,1804,"When dividing fractions, multiplies the numerators and multiplies the denominators",0
1808,1808,does not realise that the product of prime factors will also be a factor of the original number ,0
1812,1812,"When multiplying fractions, adds the denominators and multiplies the numerators",0
1816,1816,"Believes the probability on all branches travelling in the same direction on a tree diagram are the same, despite changing events",0
1817,1817,Rounds every number down when estimating,0
1821,1821,"When finding the nth term rule for a quadratic sequence, believes that the coefficient of n squared is the second difference",0
1822,1822,Thinks they multiply the numerator and denominator together to convert a fraction to a percentage ,0
1826,1826,Believes the solution of a quadratic is its turning point,0
1827,1827,Believes the upper bound of an interval in a grouped frequency table is equivalent to the group width of the interval,0
1829,1829,Believes they must change the direction of the inequality when dividing through by a positive number.,0
1830,1830,Thinks area of a circle = radius x pi ,0
1833,1833,"When drawing a histogram, thinks you plot frequency on the horizontal axis",0
1838,1838,"Confuses the roles of initial capture, recapture, and total population in the capture-recapture method",0
1843,1843,"When using interpolation to estimate frequency that is above a certain value, believes they can add the estimated frequency up to that value in its class, rather than the estimated frequency after it",0
1844,1844,Uses length scale factor for area without squaring ,0
1848,1848,Thinks the y coordinate of a point on the x axis is 1,0
1853,1853,Thinks an enlargement of any scale factor keeps side lengths the same,0
1855,1855,"Believes that if one number in a product decreases, the answer must increase. ",0
1856,1856,Thinks multiplication and addition are the same,0
1857,1857,Believes a cubic equation will have a linear graph,0
1859,1859,Thinks the mode in a stem and leaf diagram  is the stem that has the most leaves ,0
1865,1865,"When dividing numbers with different bases, subtracts the powers and subtracts the base numbers.",0
1867,1867,Finds unit price then forgets to multiply up,0
1873,1873,Believes the median is the midpoint of the range,0
1874,1874,Believes the median is the frequency for the category in which it is located,0
1878,1878,"In inverse proportion, believes that if one variable is a reciprocal, the other variable will be the reciprocal as well. ",0
1879,1879,Believes midpoint of an interval is used rather than total frequency to calculate the sector angle for a pie chart,0
1888,1888,Does not know the information each vertical line of a box plot represents,0
1890,1890,Thinks the multiplication sign means to add,0
1891,1891,Believes they can cross-cancel before flipping the second fraction when dividing fractions,0
1892,1892,Does not recognise the sin graph,0
1899,1899,Thinks the missing length has to be half the length of the side given,0
1901,1901,Subtracted base numbers as well as powers,0
1903,1903,Thinks all lines on a net will form edges in 3D,0
1904,1904,Believes the numbers in factorising should multiply to give the coefficient of x and add to give the constant,0
1905,1905,Believes that when finding bounds you round to the nearest whole number,0
1910,1910,Confuses relative frequency and expected frequency,0
1913,1913,"Gives the smallest whole when asked for the smallest fraction shaded, presented visually",0
1919,1919,Believes that a fractional index also means you need to find the reciprocal,0
1922,1922,Gets the dividend and divisor the wrong way round when doing long division,0
1926,1926,"Believes you use the half of the base length to find the area of an isosceles triangle, following using it to find the perpendicular height",0
1928,1928,Mixes up the numerator and denominator,0
1930,1930,Believes it's ok to change the scale on an axis for the negative values,0
1931,1931,Believes the opposite side is where the adjacent side is in a right angled triangle,0
1933,1933,Believes that the reciprocal of a number is equal to that number (1/x = x),0
1934,1934,Multiplied by the scale factor rather than divided in direct proportion problems,0
1935,1935,"Divides length of original by length of image to find scale factor, rather than image by original.",0
1936,1936,Believes the integer can be written before or after the surd eg. 3√2 = √2 3,0
1938,1938,Ignores zeros when giving the value of an integer,0
1941,1941,"Confuses the order of operations, believes subtraction comes before multiplication ",0
1943,1943,Includes the intersection of a Venn diagram when asked to find the value of a set only,0
1947,1947,Writes more than three repeated symbols next to each other in Roman numerals,0
1949,1949,"Believes reflection in y=-x switches the signs of the coordinates, but not their numbers",0
1951,1951, Does not believe that a negative multiple of a vector is in the opposite direction,0
1952,1952,Confuses class width and frequency when calculating frequency density,0
1955,1955,Thinks that a percentage can be converted to a fraction using a denominator of 10 ,0
1961,1961,Fails to identify mirror line,0
1962,1962,Doesn't take into account cost when calculating expected return/profit,0
1964,1964,Estimates obtuse angles as 90 degrees or less,0
1967,1967,Counts a side length more than once when counting perimeter due to not marking a starting point,0
1969,1969,Mixes up square numbers and even numbers,0
1974,1974,Believes the gradient of a line is the root of its equation,0
1975,1975,Does not understand the question,0
1977,1977,Confuses section and whole when using a bar model,0
1979,1979,"Believes that they can reverse a percentage increase by decreasing the new value by the same percentage, and vice versa",0
1983,1983,"When dividing involving a multiple of 10, gives an answer 10 times smaller than it should be ",0
1991,1991,Assumes any variable in a sum on the numerator can be divided by the denominator,0
1998,1998,"When finding which term represents the median, thinks you divide the total number of terms by 2",0
2000,2000,Believes multiplying by 0.1 is the same as multiplying by 10,0
2001,2001,"When solving an equation,  subtracts instead of multiplying",0
2004,2004,Confuses frequency polygons with cumulative frequency diagrams,0
2005,2005,Multiplies all given dimensions when calculating the length of the hypotenuse in a right angled triangle,0
2008,2008,"When substiting into an algebraic term, raises the coefficient to the power of the variable rather than multiplying the coefficient and the variable..",0
2010,2010,Does not understand power notation,0
2013,2013,"When drawing a histogram, thinks you plot cumulative frequency on the horizontal axis",0
2014,2014,Believes if a point is reflected in the line x=a then the x coordinate of the point will become 'a',0
2015,2015,Forgot to square both parts of the fraction,0
2018,2018,Thinks a divide and a negative sign next to each other makes a minus,0
2019,2019,"When there's a negative sign in the question, thinks the answer must be negative",0
2028,2028,"When writing a number between zero and one in standard form, thinks the power is the negative of the number of decimal places",0
2029,2029,Believes non-unit multiples of vectors can be the same length,0
2033,2033,Rounds to the wrong degree of accuracy (1 decimal place rather than nearest whole number),0
2036,2036,Identified the interior not exterior angle at a point,0
2040,2040,Has estimated the length of the missing side length by looking at the image  rather than calculating it,0
2041,2041,Fails to reflect across reflection line without a diagram,0
2052,2052,Believes all numbers written in standard form must be smaller than any numbers written in ordinary form,0
2057,2057,Thinks that the scale on axes has to match with the number of squares,0
2058,2058,Assumes there are only 2 terms in the nth term formula for a quadratic sequence,0
2059,2059,Ignores unlabelled angles when applying angle sum rules,0
2060,2060,"When solving simultaneous equations graphically, they think the solutions are the x or y intercepts",0
2061,2061,"Believes that when converting ratio to fractions, the denominator is the difference between the parts of the ratio",0
2062,2062,Believes you multiply all of the values given when using the capture-recapture sampling method,0
2063,2063,"When calculating volume expressed in cubes, counts the faces of all the cubes",0
2064,2064,"Finds the range of possible values of the variable, rather than the range of recorded values",0
2065,2065,Believes when calculating a probability the denominator will be the total of one of the criteria rather than the overall total that is required (gives a given that answer),0
2067,2067,Thinks there are 10000ml in a litre,0
2070,2070,"Believes that when factorising a quadratic equation with a coefficient of x squared, the two constants in the brackets are still the solutions of the equation with opposite signs",0
2074,2074,"When describing the relationship between the parts in a ratio, replaces the : with a decimal point to say how many times bigger a part is than the other",0
2075,2075,Misunderstands mixed number notation ,0
2076,2076,Believes an algebraic term with the same coefficient as the value of a constant term can be subtracted to give zero,0
2079,2079,Believes that points on an axis have equal x and y coordinates,0
2086,2086,"When calculating volume expressed in cubes, counts only the squares on one face",0
2088,2088,"When multiplying variables, thinks they add coefficients as well as powers",0
2089,2089,"When asked to find a scale factor, assumes direction of enlargement does not matter",0
2096,2096,When adding negatives believes that they can just add their absolute values and add a negative sign to the answer,0
2097,2097,Confuses prime factors and factors,0
2099,2099,Believes negative powers in standard form have the same impact as positive powers ,0
2106,2106,"When asked to find an angle given in three letter convention, thinks the angle you want to find will be located at the vertex labelled with the last letter",0
2108,2108,"Believes if a circle is divided into n equal sectors, the angles at the centre will each be n degrees",0
2115,2115,Believes any of the angles can be used in the trigonometric formula for area of a triangle,0
2116,2116,Does not round up when an answer is non-sensical in a real-life context,0
2118,2118,Struggles to visualise elevations of 3D shapes,0
2120,2120,Believes they do not have to say the point when reading a decimal aloud,0
2129,2129,Increases by the given percentage rather than finding the percentage of an amount,0
2136,2136,"When finding the square root of a decimal, ignores place value",0
2141,2141,Believes that 'zero' is read as the letter 'O',0
2144,2144,Believes a number written in standard form cannot have a lot of decimal places,0
2146,2146,Believes the line y = mx - c will cross the y axis at c,0
2151,2151,Thinks you cannot find the range if there are an even number of values,0
2153,2153,Thinks the category with the most common bar height is the mode,0
2158,2158,Multiplies rather than divides when answering worded problems,0
2164,2164,Believes a number written in standard form is smaller than another number written in standard form if the number between 1 and 10 is smaller,0
2165,2165,Thinks that we cannot calculate the range of negative numbers,0
2167,2167,"When a subtraction of one positive number from another, results in a negative answer, they believe the answer is the sum of those 2 numbers with a negative sign put in front.",0
2168,2168,Assumes a 1:1 conversion ratio between different currencies,0
2169,2169,Believes that prime numbers can have more than two factors,0
2170,2170,Subtracts numerators when dividing fractions with a common denominator,0
2171,2171,Uses the total as the numerator of the fraction rather than the denominator.,0
2172,2172,Subtracts instead of adding when asked to find a total,0
2174,2174,Believes a parallelogram cannot have right angles,0
2176,2176,Confuses objective and subjective,0
2177,2177,Does not know that a reflection would not change the size of the shape,0
2182,2182,Believes given two sides and one angle of a triangle there are multiple ways to draw the triangle,0
2183,2183,Confuses consecutive and prime numbers,0
2184,2184,Believes the equation of a straight line is y=-mx+c,0
2186,2186,Thinks the missing length has to be half the length of the opposite side,0
2188,2188,"Does not understand that enlargements can make shapes make shapes bigger, smaller and the same size",0
2194,2194,Assumes the scale is the same when comparing two similar diagrams,0
2195,2195,Does not know the definition of a prime number,0
2196,2196,Believes the number of bars gives the total on a bar chart,0
2200,2200,Believes that when dividing an integer by a power of 10 you add zeroes after the decimal point,0
2201,2201,Does not know the definition of a composite number,0
2202,2202,Thinks we have to add the base numbers as well as the powers when multiplying indices,0
2205,2205,Thinks the largest number in a stem and leaf diagram comes from the first leaf next to the largest stem,0
2207,2207,Believes we can categorise data as primary or secondary without knowing the source,0
2211,2211,Believes interquartile range is the sum of the lower and upper quartiles,0
2213,2213,Assumes regular shape refers only to a square,0
2216,2216,Believes the mean from grouped data something divided by the sum of the midpoint values,0
2219,2219,"Believes any co-interior angles are supplementary, not just those in parallel lines",0
2222,2222,Out by 10 when subtracting,0
2223,2223,"When dividing fractions, divides the denominators by each other",0
2224,2224,Does not recall larger square numbers,0
2227,2227,Subtracts rather than adds when using Pythagoras to find the hypotenuse,0
2229,2229,Believes the mean is something divided by total,0
2232,2232,Thinks that perpendicular lines do not meet at 90 degrees,0
2233,2233,Thinks the reciprocal of a fraction is what number adds to that fraction to make one whole.,0
2235,2235,Gives the first significant figure when asked for the second,0
2236,2236,Does not know that co-interior angles sum to 180 degrees,0
2242,2242,Converts a fraction to a decimal by placing the denominator after the decimal point,0
2243,2243,Believes quartiles are at 1/4 and 3/4 through the range of the data,0
2244,2244,"Thinks there are 10,000g in a kilogram",0
2246,2246,Answers as if there are 10 seconds in a minute when changing from seconds to minutes,0
2247,2247,Does not understand that a number is divisible by the factors of its factors,0
2249,2249,Confuses calculations for cumulative frequency and estimated total from a grouped frequency table,0
2253,2253,Believes the position number in a sequence does not have to be an integer,0
2254,2254,Removes the decimal point when asked to round a decimal to a whole number,0
2255,2255,Believes you subtract the number caught second from the estimated population to find the number marked first when using the capture-recapture method,0
2257,2257,Believes you always reduce the numerator and denominator by 1 when writing the probability for a second pick without replacement on a tree diagram,0
2258,2258,Believes when writing a number in standard form as an ordinary number you write any digits in the base (omitting the decimal point) and do not account for the power of 10,0
2259,2259,Believes the mean is something divided by the sum of the categories given,0
2267,2267,Chooses an incorrect point on the object when describing a 90 or 270 degree rotation,0
2268,2268,Thinks the x coordinate of a point on the y axis is 1,0
2272,2272,"When dividing involving a multiple of 10, gives an answer 10 times bigger than it should be ",0
2274,2274,"When dividing variables, thinks they subtract coefficients as well as powers",0
2276,2276,Has considered the percentage rather than the percentage of the amount,0
2277,2277,"When factorising into double brackets, finds the correct values for the non variable terms but swops the plus and minus sign",0
2278,2278,Subtracts rather than divides when answering worded problems,0
2281,2281,Does not understand which months are in the Spring,0
2283,2283,"When finding the missing length on similar shapes, just finds the difference between the given lengths",0
2287,2287,Believes multiplying together all prime factors gives the highest common factor,0
2290,2290,Uses the same value for both coordinates,0
2293,2293,Thinks the orientation of the side view does not matter when identifying the direction of view,0
2294,2294,Believes that Mid point multiplied by the Frequency in a grouped frequency table gives the frequency for that group.,0
2295,2295,Believes probabilities can be greater than 1,0
2298,2298,Mixes up smallest and greatest when ordering positive integers,0
2299,2299,Believes any sample gives an equal chance of selection,0
2300,2300,Forgets to include a marked right angle when performing angle calculations,0
2304,2304,"Believes that Mid-point x Frequency in a grouped frequency table gives an accurate total, rather than an estimate.",0
2310,2310,Does not know how to find the gradient of a straight line from two points,0
2313,2313,Mixes up discrete and continuous data types,0
2315,2315,Confuses negative and positive correlation,0
2322,2322,Believes a percentage of a number will be a multiple of the percentage,0
2323,2323,"When ordering decimals, believes the decimal point is not relevant",0
2324,2324,Believes the y-intercept of a line is the root of its equation,0
2325,2325,Believes data implies equal chance of selection,0
2328,2328,"When using the capture-recapture method, believes the number caught second is the numerator and the number marked second is the denominator",0
2335,2335,"When multiplying decimals, multiplies rather than divides when reinserting the decimal.",0
2337,2337,"Struggles to visualise how an object will look in 3D when given a plan view, front and side elevation",0
2338,2338,Believes the lower quartile is the lowest value in a list,0
2339,2339,Believes that reciprocals are undefined for negative numbers,0
2342,2342,Believes they add the conversion factor when converting between units,0
2347,2347,Believes class width divided by frequency density gives frequency in a histogram,0
2348,2348,Believes the number of edges on a 3D shape match those of the 2D cross section,0
2358,2358,Believes even numbers can have odd multiples,0
2360,2360,Thinks the scale factor is found by adding the lengths of two corresponding sides together,0
2366,2366,Mixes up the words “to” and “past” when telling the time,0
2367,2367,Confuses dependent and mutually exclusive events,0
2369,2369,Does not know protractor should be positioned with one side of the angle at 0,0
2370,2370,Uses angles on a straight line in the wrong context ,0
2372,2372,"Believes that when factorising a quadratic with a coefficient of x squared, the two constants in the brackets still add to give the coefficient of x",0
2379,2379,Unable to equate two divisions with a single division,0
2381,2381,"Confuses the lower bound and upper bound, and writes the lower bound as a value that would end in recurring 9's, for example",0
2382,2382,Believes that y = m +cx is the equation of a straight line,0
2383,2383,When multiplying by 1 gives an answer of 1 (for a number other than 1),0
2385,2385,Thinks that the lower and upper bound for a truncated number can be found in the same was as when it has been rounded,0
2387,2387,"When finding a fraction of a fraction, divided by the whole fraction instead of the denominator",0
2390,2390,"Believes rounding to 1 significant figure means rounding to the nearest integer, regardless of the value of the number",0
2391,2391,"Believes the median is the middle category in a table, ignoring the frequencies",0
2393,2393,Believes the midpoint of grouped data is equivalent to the group width,0
2394,2394,Does not know the properties of an equilateral triangle,0
2396,2396,Adds a zero onto the end of units multiplied by units when solving multiplication problems using the grid method,0
2400,2400,"Believes that if the numerators of 2 fractions are equal then the fractions are equal, regardless of the denominator",0
2403,2403,Believes the columns in a base are multiples not powers of the base,0
2404,2404,"When using the capture-recapture method of sampling, believes you multiply the number marked first by the number marked second to get the best estimate of population size",0
2405,2405,Arithmetic error when dividing by 8,0
2406,2406,"When multiplying a fraction by an integer, believes the integer will become the denominator of the fraction",0
2407,2407,Believes an arithmetic sequence can have a common second difference rather than first difference,0
2409,2409,Believes you place the digits next to each other for a multiplication sample space diagram,0
2410,2410,Believes an outlier has to be a whole number,0
2411,2411,"When multiplying large numbers, splits numbers into addends rather than factors",0
2418,2418,Believes the universal set symbol means any elements not within a circle. ,0
2419,2419,Combines digits instead of applying the mathematical function,0
2420,2420,Thinks direct proportion rules apply to inverse proportion problems,0
2421,2421,Believes a rectangle has one pair of equal sides,0
2422,2422,Tries to add or subtract unlike terms,0
2429,2429,Believes finding a fraction of an amount means multiplying by the denominator,0
2430,2430,Does not consider fractional parts when solving proportion problems,0
2431,2431,"When two digits multiply to 10 or more during a multiplication problem, does not add one to the preceding digit",0
2434,2434,Ignores position/value of midpoint when trying to label a point on scale,0
2439,2439,Does not understand that removing an outlier will impact the range,0
2440,2440,Finds the circumference instead of the area,0
2441,2441,Thinks multiplying by a number is the same as raising to the power of that number,0
2444,2444,"When converting compound measures into different units, thinks you multiply when the unit of the divisor has become smaller",0
2448,2448,Cannot evaluate if an estimate is an underestimate or overestimate,0
2449,2449,Done a different calculation to the one given,0
2451,2451,When multiplying a vector by an integer does not multiply all parts of the vector,0
2452,2452,Believes a parallelogram has one pair of equal sides,0
2455,2455,Tries to apply sohcahtoa to a non right angled triangle,0
2459,2459,Believes alternate angles sum to 180 degrees,0
2460,2460,Does not recognise an example of the angles in same segment theorem,0
2462,2462,Confuses the position of the median with its value,0
2463,2463,"When multiplying an integer by a fraction, believes the numerator of the fraction will become the denominator",0
2467,2467,Does not know the meaning of the word equidistant ,0
2468,2468,Does not know that three quarters of a turn is 270 degrees,0
2471,2471,Believes the range is largest add smallest,0
2477,2477,Thinks there are 30 seconds in a minute,0
2478,2478,Thinks the plan view is from the side of the shape,0
2482,2482,Has written something to the power of 1 as 0.1,0
2483,2483,Believes that a negative sign in the base of a power means you need to find the reciprocal ,0
2486,2486,Identifies the wrong two angles as base angles of an isosceles,0
2490,2490,Assumes Pythagoras' theorem doesn't work if they can spot a pattern between the side lengths,0
2495,2495,Compares sizes of angles on a grid by estimating rather than using the gradient of the lines,0
2496,2496,"Believes composite function notation fg(x) means to multiply the first terms of f and g together, and the second terms of f and g together",0
2497,2497,Believes f(x - a) translates the function down a units,0
2498,2498,Thinks I can be subtracted from L in Roman numerals,0
2502,2502,Believes a reciprocal equation will have a quadratic graph,0
2503,2503,Believes that a greater percentage represents a greater quantity,0
2506,2506,"Believes cumulative frequency is the sum of each class with the previous class, rather than all previous classes",0
2509,2509,Mixes up the sets in a Venn diagram,0
2513,2513,"When finding the nth term rule for a quadratic sequence, believes that the coefficient of n squared is determined by first differences",0
2518,2518,May have made a calculation error using the order of operations,0
2521,2521,Does not know how to measure reflex angles,0
2522,2522,Believes the total of the circle in a Venn should be included when intersections should be omitted,0
2523,2523,Has added on the power of 1/4 rather than raise to the power of 1/4,0
2526,2526,Believes a downward line has a positive gradient,0
2527,2527,"Writes a repeated root once, rather than in a squared bracket",0
2528,2528,Thinks that the perimeter on a square grid is the number of squares surrounding the rectangle,0
2529,2529,Does not think a ton is a unit of mass,0
2533,2533,Does not realise that two letters together are multiplying,0
2534,2534,When converting between non standard form and standard form assumes changes to the base will not affect the power,0
2536,2536,Misunderstands the capture-recapture method,0
2538,2538,Confuses the value of the variable with cumulative frequency,0
2540,2540,Confuses maximum and minimum,0
2541,2541,"When finding the square root of a decimal, believes the answer should have the same number of decimal places",0
2545,2545,Does not know that prime numbers have exactly two factors,0
2548,2548,Does not increase the denominator when an item is added in a probability question,0
2552,2552,"When adding decimals, thinks the answer has to have the same number of decimals as the total in the question",0
2553,2553,Gives the second significant figure when asked for the first,0
2556,2556,Thinks the subtraction sign means multiply,0
2557,2557,Mixes up cubing and squaring,0
2559,2559,When dividing numbers with different bases subtracts the powers but divides the base numbers.,0
2560,2560,Confuses the formulas for the perimeter of a sector and the area of a sector ,0
2562,2562,Confuses the lower and upper bound,0
2564,2564,Gives the intersect value of a Venn diagram when asked to find the value of a set only,0
2567,2567,Believes they only need to multiply the first pair of terms when expanding a double bracket.,0
2568,2568,Believes all the multiples of a number will also be multiples of its multiples,0
2570,2570,Confuses interior angles with exterior angles,0
2571,2571,"When dividing numbers with different bases, divides the powers and divides the base numbers.",0
2574,2574,Believes that when multiplying by a power of 10 you add zeroes after the decimal point,0
2575,2575,Thinks adding same amount to each side of a ratio gives an equivalent ratio,0
2578,2578,"Mixes up sides of a ratio, when working with vectors for line segments.",0
2580,2580,Believes degrees can be used to measure length,0
2582,2582,"When multiplying numbers with the same base, multiplies the powers ",0
2584,2584,Believes that any percentage of a larger number will be greater than any percentage of a smaller number,0
